grain,period,label,period_start,period_end,months_in_period,complete_period,price_usd_per_ton,mom,qoq,yoy,mom_basis,qoq_basis,yoy_basis,export_weight_ton,export_value_usd_000,import_weight_ton,import_value_usd_000,trade_balance_usd_000,reported_trade_balance_usd_000,trade_balance_reconcile_diff,hs_code,country,item,source_sheet,source_row,period_note
month,2015-01,Jan 2015,2015-01,2015-01,1,True,14176.2622,0.041551,,-0.010475,2014-12,,2014-01,225.8,3201.0,0.0,0.0,3201.0,3201.0,0.0,121221,Thailand,Fit for human consumption,HS CODE_Month,43,Monthly actual
month,2015-02,Feb 2015,2015-02,2015-02,1,True,13910.5339,-0.018745,,-0.133507,2015-01,,2014-02,207.9,2892.0,0.0,0.0,2892.0,2892.0,0.0,121221,Thailand,Fit for human consumption,HS CODE_Month,44,Monthly actual
month,2015-03,Mar 2015,2015-03,2015-03,1,True,13750.4642,-0.011507,,-0.059627,2015-02,,2014-03,269.3,3703.0,0.0,0.0,3703.0,3703.0,0.0,121221,Thailand,Fit for human consumption,HS CODE_Month,45,Monthly actual
month,2015-04,Apr 2015,2015-04,2015-04,1,True,13516.9009,-0.016986,,-0.126284,2015-03,,2014-04,263.3,3559.0,3.5,46.0,3513.0,3513.0,0.0,121221,Thailand,Fit for human consumption,HS CODE_Month,46,Monthly actual
month,2015-05,May 2015,2015-05,2015-05,1,True,13684.2105,0.012378,,-0.041461,2015-04,,2014-05,207.1,2834.0,0.0,0.0,2834.0,2834.0,0.0,121221,Thailand,Fit for human consumption,HS CODE_Month,47,Monthly actual
month,2015-06,Jun 2015,2015-06,2015-06,1,True,14508.9991,0.060273,,0.085955,2015-05,,2014-06,316.7,4595.0,0.0,0.0,4595.0,4595.0,0.0,121221,Thailand,Fit for human consumption,HS CODE_Month,48,Monthly actual
month,2015-07,Jul 2015,2015-07,2015-07,1,True,14371.0021,-0.009511,,0.020182,2015-06,,2014-07,140.7,2022.0,0.0,0.0,2022.0,2022.0,0.0,121221,Thailand,Fit for human consumption,HS CODE_Month,49,Monthly actual
month,2015-08,Aug 2015,2015-08,2015-08,1,True,14303.3292,-0.004709,,-0.039254,2015-07,,2014-08,162.2,2320.0,0.0,0.0,2320.0,2320.0,0.0,121221,Thailand,Fit for human consumption,HS CODE_Month,50,Monthly actual
month,2015-09,Sep 2015,2015-09,2015-09,1,True,14348.1781,0.003136,,-0.074965,2015-08,,2014-09,247.0,3544.0,0.0,0.0,3544.0,3544.0,0.0,121221,Thailand,Fit for human consumption,HS CODE_Month,51,Monthly actual
month,2015-10,Oct 2015,2015-10,2015-10,1,True,14401.084,0.003687,,-0.007404,2015-09,,2014-10,184.5,2657.0,0.0,0.0,2657.0,2657.0,0.0,121221,Thailand,Fit for human consumption,HS CODE_Month,52,Monthly actual
month,2015-11,Nov 2015,2015-11,2015-11,1,True,14282.9681,-0.008202,,-0.048513,2015-10,,2014-11,260.1,3715.0,0.0,0.0,3715.0,3715.0,0.0,121221,Thailand,Fit for human consumption,HS CODE_Month,53,Monthly actual
month,2015-12,Dec 2015,2015-12,2015-12,1,True,13763.8122,-0.036348,,0.011247,2015-11,,2014-12,144.8,1993.0,0.1,1.0,1992.0,1992.0,0.0,121221,Thailand,Fit for human consumption,HS CODE_Month,54,Monthly actual
month,2016-01,Jan 2016,2016-01,2016-01,1,True,14026.8184,0.019109,,-0.010542,2015-12,,2015-01,246.1,3452.0,0.0,0.0,3452.0,3452.0,0.0,121221,Thailand,Fit for human consumption,HS CODE_Month,55,Monthly actual
month,2016-02,Feb 2016,2016-02,2016-02,1,True,15084.9793,0.075438,,0.084428,2016-01,,2015-02,217.7,3284.0,0.0,0.0,3284.0,3284.0,0.0,121221,Thailand,Fit for human consumption,HS CODE_Month,56,Monthly actual
month,2016-03,Mar 2016,2016-03,2016-03,1,True,15358.8886,0.018158,,0.116972,2016-02,,2015-03,388.7,5970.0,0.0,0.0,5970.0,5970.0,0.0,121221,Thailand,Fit for human consumption,HS CODE_Month,57,Monthly actual
month,2016-04,Apr 2016,2016-04,2016-04,1,True,17144.6945,0.116272,,0.268389,2016-03,,2015-04,311.0,5332.0,0.0,0.0,5332.0,5332.0,0.0,121221,Thailand,Fit for human consumption,HS CODE_Month,58,Monthly actual
month,2016-05,May 2016,2016-05,2016-05,1,True,17259.814,0.006715,,0.261294,2016-04,,2015-05,387.2,6683.0,0.0,0.0,6683.0,6683.0,0.0,121221,Thailand,Fit for human consumption,HS CODE_Month,59,Monthly actual
month,2016-06,Jun 2016,2016-06,2016-06,1,True,16945.9804,-0.018183,,0.167963,2016-05,,2015-06,235.1,3984.0,0.0,0.0,3984.0,3984.0,0.0,121221,Thailand,Fit for human consumption,HS CODE_Month,60,Monthly actual
month,2016-07,Jul 2016,2016-07,2016-07,1,True,17954.0636,0.059488,,0.249326,2016-06,,2015-07,283.0,5081.0,0.0,0.0,5081.0,5081.0,0.0,121221,Thailand,Fit for human consumption,HS CODE_Month,61,Monthly actual
month,2016-08,Aug 2016,2016-08,2016-08,1,True,18063.2716,0.006083,,0.262872,2016-07,,2015-08,259.2,4682.0,0.0,0.0,4682.0,4682.0,0.0,121221,Thailand,Fit for human consumption,HS CODE_Month,62,Monthly actual
month,2016-09,Sep 2016,2016-09,2016-09,1,True,18275.4443,0.011746,,0.273712,2016-08,,2015-09,247.6,4525.0,0.0,0.0,4525.0,4525.0,0.0,121221,Thailand,Fit for human consumption,HS CODE_Month,63,Monthly actual
month,2016-10,Oct 2016,2016-10,2016-10,1,True,18007.5012,-0.014661,,0.250427,2016-09,,2015-10,213.3,3841.0,20.8,309.0,3532.0,3532.0,0.0,121221,Thailand,Fit for human consumption,HS CODE_Month,64,Monthly actual
month,2016-11,Nov 2016,2016-11,2016-11,1,True,18055.8981,0.002688,,0.264156,2016-10,,2015-11,243.3,4393.0,0.0,0.0,4393.0,4393.0,0.0,121221,Thailand,Fit for human consumption,HS CODE_Month,65,Monthly actual
month,2016-12,Dec 2016,2016-12,2016-12,1,True,18083.4002,0.001523,,0.313837,2016-11,,2015-12,124.7,2255.0,0.0,0.0,2255.0,2255.0,0.0,121221,Thailand,Fit for human consumption,HS CODE_Month,66,Monthly actual
month,2017-01,Jan 2017,2017-01,2017-01,1,True,18664.7727,0.03215,,0.330649,2016-12,,2016-01,246.4,4599.0,0.0,0.0,4599.0,4599.0,0.0,121221,Thailand,Fit for human consumption,HS CODE_Month,67,Monthly actual
month,2017-02,Feb 2017,2017-02,2017-02,1,True,19666.5725,0.053673,,0.303719,2017-01,,2016-02,353.9,6960.0,0.0,0.0,6960.0,6960.0,0.0,121221,Thailand,Fit for human consumption,HS CODE_Month,68,Monthly actual
month,2017-03,Mar 2017,2017-03,2017-03,1,True,20440.7713,0.039366,,0.330876,2017-02,,2016-03,363.0,7420.0,0.0,0.0,7420.0,7420.0,0.0,121221,Thailand,Fit for human consumption,HS CODE_Month,69,Monthly actual
month,2017-04,Apr 2017,2017-04,2017-04,1,True,20426.1068,-0.000717,,0.191395,2017-03,,2016-04,481.1,9827.0,0.0,0.0,9827.0,9827.0,0.0,121221,Thailand,Fit for human consumption,HS CODE_Month,70,Monthly actual
month,2017-05,May 2017,2017-05,2017-05,1,True,21830.9859,0.068779,,0.264845,2017-04,,2016-05,539.6,11780.0,0.0,0.0,11780.0,11780.0,0.0,121221,Thailand,Fit for human consumption,HS CODE_Month,71,Monthly actual
month,2017-06,Jun 2017,2017-06,2017-06,1,True,21598.8157,-0.010635,,0.274569,2017-05,,2016-06,270.2,5836.0,0.0,0.0,5836.0,5836.0,0.0,121221,Thailand,Fit for human consumption,HS CODE_Month,72,Monthly actual
month,2017-07,Jul 2017,2017-07,2017-07,1,True,21593.5057,-0.000246,,0.202709,2017-06,,2016-07,332.6,7182.0,0.0,0.0,7182.0,7182.0,0.0,121221,Thailand,Fit for human consumption,HS CODE_Month,73,Monthly actual
month,2017-08,Aug 2017,2017-08,2017-08,1,True,20808.7367,-0.036343,,0.151992,2017-07,,2016-08,169.4,3525.0,2.2,20.0,3505.0,3505.0,0.0,121221,Thailand,Fit for human consumption,HS CODE_Month,74,Monthly actual
month,2017-09,Sep 2017,2017-09,2017-09,1,True,21814.0331,0.048311,,0.193625,2017-08,,2016-09,175.3,3824.0,0.0,0.0,3824.0,3824.0,0.0,121221,Thailand,Fit for human consumption,HS CODE_Month,75,Monthly actual
month,2017-10,Oct 2017,2017-10,2017-10,1,True,21431.25,-0.017548,,0.190129,2017-09,,2016-10,320.0,6858.0,0.0,0.0,6858.0,6858.0,0.0,121221,Thailand,Fit for human consumption,HS CODE_Month,76,Monthly actual
month,2017-11,Nov 2017,2017-11,2017-11,1,True,20798.1221,-0.029542,,0.151874,2017-10,,2016-11,85.2,1772.0,0.0,0.0,1772.0,1772.0,0.0,121221,Thailand,Fit for human consumption,HS CODE_Month,77,Monthly actual
month,2017-12,Dec 2017,2017-12,2017-12,1,True,20612.2449,-0.008937,,0.139843,2017-11,,2016-12,83.3,1717.0,0.0,0.0,1717.0,1717.0,0.0,121221,Thailand,Fit for human consumption,HS CODE_Month,78,Monthly actual
month,2018-01,Jan 2018,2018-01,2018-01,1,True,22005.1249,0.067575,,0.178966,2017-12,,2017-01,156.1,3435.0,0.0,0.0,3435.0,3435.0,0.0,121221,Thailand,Fit for human consumption,HS CODE_Month,79,Monthly actual
month,2018-02,Feb 2018,2018-02,2018-02,1,True,21402.4071,-0.02739,,0.088263,2018-01,,2017-02,382.2,8180.0,0.0,0.0,8180.0,8180.0,0.0,121221,Thailand,Fit for human consumption,HS CODE_Month,80,Monthly actual
month,2018-03,Mar 2018,2018-03,2018-03,1,True,20703.195,-0.03267,,0.012838,2018-02,,2017-03,669.8,13867.0,0.0,0.0,13867.0,13867.0,0.0,121221,Thailand,Fit for human consumption,HS CODE_Month,81,Monthly actual
month,2018-04,Apr 2018,2018-04,2018-04,1,True,20453.9915,-0.012037,,0.001365,2018-03,,2017-04,656.4,13426.0,0.0,0.0,13426.0,13425.0,-1.0,121221,Thailand,Fit for human consumption,HS CODE_Month,82,Monthly actual
month,2018-05,May 2018,2018-05,2018-05,1,True,20415.5585,-0.001879,,-0.064836,2018-04,,2017-05,601.6,12282.0,0.0,0.0,12282.0,12282.0,0.0,121221,Thailand,Fit for human consumption,HS CODE_Month,83,Monthly actual
month,2018-06,Jun 2018,2018-06,2018-06,1,True,19990.2591,-0.020832,,-0.074474,2018-05,,2017-06,513.3,10261.0,8.3,175.0,10086.0,10086.0,0.0,121221,Thailand,Fit for human consumption,HS CODE_Month,84,Monthly actual
month,2018-07,Jul 2018,2018-07,2018-07,1,True,19503.5184,-0.024349,,-0.096788,2018-06,,2017-07,255.8,4989.0,0.0,0.0,4989.0,4989.0,0.0,121221,Thailand,Fit for human consumption,HS CODE_Month,85,Monthly actual
month,2018-08,Aug 2018,2018-08,2018-08,1,True,18233.8184,-0.065101,,-0.123742,2018-07,,2017-08,199.3,3634.0,0.0,0.0,3634.0,3634.0,0.0,121221,Thailand,Fit for human consumption,HS CODE_Month,86,Monthly actual
month,2018-09,Sep 2018,2018-09,2018-09,1,True,18723.4043,0.02685,,-0.141681,2018-08,,2017-09,291.4,5456.0,0.0,0.0,5456.0,5456.0,0.0,121221,Thailand,Fit for human consumption,HS CODE_Month,87,Monthly actual
month,2018-10,Oct 2018,2018-10,2018-10,1,True,17798.995,-0.049372,,-0.169484,2018-09,,2017-10,99.5,1771.0,0.0,0.0,1771.0,1771.0,0.0,121221,Thailand,Fit for human consumption,HS CODE_Month,88,Monthly actual
month,2018-11,Nov 2018,2018-11,2018-11,1,True,16109.8901,-0.094899,,-0.225416,2018-10,,2017-11,91.0,1466.0,0.0,0.0,1466.0,1466.0,0.0,121221,Thailand,Fit for human consumption,HS CODE_Month,89,Monthly actual
month,2018-12,Dec 2018,2018-12,2018-12,1,True,16487.9357,0.023467,,-0.20009,2018-11,,2017-12,74.6,1230.0,0.0,0.0,1230.0,1230.0,0.0,121221,Thailand,Fit for human consumption,HS CODE_Month,90,Monthly actual
month,2019-01,Jan 2019,2019-01,2019-01,1,True,15684.6892,-0.048717,,-0.287226,2018-12,,2018-01,395.8,6208.0,0.0,0.0,6208.0,6208.0,0.0,121221,Thailand,Fit for human consumption,HS CODE_Month,91,Monthly actual
month,2019-02,Feb 2019,2019-02,2019-02,1,True,15856.0433,0.010925,,-0.259147,2019-01,,2018-02,480.7,7622.0,0.0,0.0,7622.0,7622.0,0.0,121221,Thailand,Fit for human consumption,HS CODE_Month,92,Monthly actual
month,2019-03,Mar 2019,2019-03,2019-03,1,True,15867.0295,0.000693,,-0.233595,2019-02,,2018-03,257.2,4081.0,0.0,0.0,4081.0,4081.0,0.0,121221,Thailand,Fit for human consumption,HS CODE_Month,93,Monthly actual
month,2019-04,Apr 2019,2019-04,2019-04,1,True,16170.4782,0.019124,,-0.209422,2019-03,,2018-04,481.0,7778.0,0.0,0.0,7778.0,7778.0,0.0,121221,Thailand,Fit for human consumption,HS CODE_Month,94,Monthly actual
month,2019-05,May 2019,2019-05,2019-05,1,True,16488.0041,0.019636,,-0.19238,2019-04,,2018-05,391.8,6460.0,3.1,61.0,6399.0,6399.0,0.0,121221,Thailand,Fit for human consumption,HS CODE_Month,95,Monthly actual
month,2019-06,Jun 2019,2019-06,2019-06,1,True,16058.1493,-0.026071,,-0.196701,2019-05,,2018-06,357.7,5744.0,0.0,0.0,5744.0,5744.0,0.0,121221,Thailand,Fit for human consumption,HS CODE_Month,96,Monthly actual
month,2019-07,Jul 2019,2019-07,2019-07,1,True,16031.0581,-0.001687,,-0.178043,2019-06,,2018-07,276.9,4439.0,0.0,0.0,4439.0,4439.0,0.0,121221,Thailand,Fit for human consumption,HS CODE_Month,97,Monthly actual
month,2019-08,Aug 2019,2019-08,2019-08,1,True,14144.6873,-0.11767,,-0.224261,2019-07,,2018-08,132.7,1877.0,0.0,0.0,1877.0,1877.0,0.0,121221,Thailand,Fit for human consumption,HS CODE_Month,98,Monthly actual
month,2019-09,Sep 2019,2019-09,2019-09,1,True,14630.4541,0.034343,,-0.218601,2019-08,,2018-09,112.3,1643.0,0.0,0.0,1643.0,1643.0,0.0,121221,Thailand,Fit for human consumption,HS CODE_Month,99,Monthly actual
month,2019-10,Oct 2019,2019-10,2019-10,1,True,15463.5762,0.056944,,-0.131211,2019-09,,2018-10,211.4,3269.0,0.0,0.0,3269.0,3269.0,0.0,121221,Thailand,Fit for human consumption,HS CODE_Month,100,Monthly actual
month,2019-11,Nov 2019,2019-11,2019-11,1,True,16422.7642,0.062029,,0.019421,2019-10,,2018-11,184.5,3030.0,0.0,0.0,3030.0,3030.0,0.0,121221,Thailand,Fit for human consumption,HS CODE_Month,101,Monthly actual
month,2019-12,Dec 2019,2019-12,2019-12,1,True,16447.3428,0.001497,,-0.002462,2019-11,,2018-12,513.7,8449.0,0.0,0.0,8449.0,8449.0,0.0,121221,Thailand,Fit for human consumption,HS CODE_Month,102,Monthly actual
month,2020-01,Jan 2020,2020-01,2020-01,1,True,16023.4855,-0.025771,,0.0216,2019-12,,2019-01,374.7,6004.0,0.0,0.0,6004.0,6004.0,0.0,121221,Thailand,Fit for human consumption,HS CODE_Month,103,Monthly actual
month,2020-02,Feb 2020,2020-02,2020-02,1,True,16083.794,0.003764,,0.014364,2020-01,,2019-02,343.7,5528.0,0.0,0.0,5528.0,5528.0,0.0,121221,Thailand,Fit for human consumption,HS CODE_Month,104,Monthly actual
month,2020-03,Mar 2020,2020-03,2020-03,1,True,14986.2107,-0.068242,,-0.055513,2020-02,,2019-03,181.3,2717.0,0.0,0.0,2717.0,2717.0,0.0,121221,Thailand,Fit for human consumption,HS CODE_Month,105,Monthly actual
month,2020-04,Apr 2020,2020-04,2020-04,1,True,15226.8603,0.016058,,-0.058354,2020-03,,2019-04,165.3,2517.0,0.0,0.0,2517.0,2517.0,0.0,121221,Thailand,Fit for human consumption,HS CODE_Month,106,Monthly actual
month,2020-05,May 2020,2020-05,2020-05,1,True,13913.0435,-0.086283,,-0.156172,2020-04,,2019-05,112.7,1568.0,0.0,0.0,1568.0,1568.0,0.0,121221,Thailand,Fit for human consumption,HS CODE_Month,107,Monthly actual
month,2020-06,Jun 2020,2020-06,2020-06,1,True,13121.9512,-0.05686,,-0.182848,2020-05,,2019-06,164.0,2152.0,0.0,0.0,2152.0,2152.0,0.0,121221,Thailand,Fit for human consumption,HS CODE_Month,108,Monthly actual
month,2020-07,Jul 2020,2020-07,2020-07,1,True,15019.1304,0.144581,,-0.063123,2020-06,,2019-07,287.5,4318.0,0.0,0.0,4318.0,4318.0,0.0,121221,Thailand,Fit for human consumption,HS CODE_Month,109,Monthly actual
month,2020-08,Aug 2020,2020-08,2020-08,1,True,14501.548,-0.034462,,0.025229,2020-07,,2019-08,161.5,2342.0,0.0,0.0,2342.0,2342.0,0.0,121221,Thailand,Fit for human consumption,HS CODE_Month,110,Monthly actual
month,2020-09,Sep 2020,2020-09,2020-09,1,True,13866.571,-0.043787,,-0.052212,2020-08,,2019-09,139.4,1933.0,0.0,0.0,1933.0,1933.0,0.0,121221,Thailand,Fit for human consumption,HS CODE_Month,111,Monthly actual
month,2020-10,Oct 2020,2020-10,2020-10,1,True,14738.9241,0.062911,,-0.046862,2020-09,,2019-10,126.4,1863.0,0.0,0.0,1863.0,1863.0,0.0,121221,Thailand,Fit for human consumption,HS CODE_Month,112,Monthly actual
month,2020-11,Nov 2020,2020-11,2020-11,1,True,15124.283,0.026146,,-0.079066,2020-10,,2019-11,366.1,5537.0,0.0,0.0,5537.0,5537.0,0.0,121221,Thailand,Fit for human consumption,HS CODE_Month,113,Monthly actual
month,2020-12,Dec 2020,2020-12,2020-12,1,True,14762.0791,-0.023949,,-0.102464,2020-11,,2019-12,273.2,4033.0,0.0,0.0,4033.0,4033.0,0.0,121221,Thailand,Fit for human consumption,HS CODE_Month,114,Monthly actual
month,2021-01,Jan 2021,2021-01,2021-01,1,True,13719.7829,-0.070606,,-0.14377,2020-12,,2020-01,202.7,2781.0,0.0,0.0,2781.0,2781.0,0.0,121221,Thailand,Fit for human consumption,HS CODE_Month,115,Monthly actual
month,2021-02,Feb 2021,2021-02,2021-02,1,True,13978.8584,0.018883,,-0.130873,2021-01,,2020-02,236.5,3306.0,0.0,0.0,3306.0,3306.0,0.0,121221,Thailand,Fit for human consumption,HS CODE_Month,116,Monthly actual
month,2021-03,Mar 2021,2021-03,2021-03,1,True,13849.2796,-0.00927,,-0.075865,2021-02,,2020-03,270.7,3749.0,0.0,0.0,3749.0,3749.0,0.0,121221,Thailand,Fit for human consumption,HS CODE_Month,117,Monthly actual
month,2021-04,Apr 2021,2021-04,2021-04,1,True,11713.615,-0.154208,,-0.230727,2021-03,,2020-04,213.0,2495.0,0.0,0.0,2495.0,2495.0,0.0,121221,Thailand,Fit for human consumption,HS CODE_Month,118,Monthly actual
month,2021-05,May 2021,2021-05,2021-05,1,True,13904.3119,0.187021,,-0.000628,2021-04,,2020-05,169.3,2354.0,0.0,0.0,2354.0,2354.0,0.0,121221,Thailand,Fit for human consumption,HS CODE_Month,119,Monthly actual
month,2021-06,Jun 2021,2021-06,2021-06,1,True,13608.631,-0.021265,,0.037089,2021-05,,2020-06,134.4,1829.0,0.0,0.0,1829.0,1829.0,0.0,121221,Thailand,Fit for human consumption,HS CODE_Month,120,Monthly actual
month,2021-07,Jul 2021,2021-07,2021-07,1,True,14340.7235,0.053796,,-0.04517,2021-06,,2020-07,257.1,3687.0,0.0,0.0,3687.0,3687.0,0.0,121221,Thailand,Fit for human consumption,HS CODE_Month,121,Monthly actual
month,2021-08,Aug 2021,2021-08,2021-08,1,True,14077.7298,-0.018339,,-0.029226,2021-07,,2020-08,162.1,2282.0,0.0,0.0,2282.0,2282.0,0.0,121221,Thailand,Fit for human consumption,HS CODE_Month,122,Monthly actual
month,2021-09,Sep 2021,2021-09,2021-09,1,True,14199.7063,0.008665,,0.024024,2021-08,,2020-09,272.4,3868.0,0.0,0.0,3868.0,3868.0,0.0,121221,Thailand,Fit for human consumption,HS CODE_Month,123,Monthly actual
month,2021-10,Oct 2021,2021-10,2021-10,1,True,14028.8288,-0.012034,,-0.048178,2021-09,,2020-10,277.5,3893.0,0.0,0.0,3893.0,3893.0,0.0,121221,Thailand,Fit for human consumption,HS CODE_Month,124,Monthly actual
month,2021-11,Nov 2021,2021-11,2021-11,1,True,14080.9827,0.003718,,-0.068982,2021-10,,2020-11,219.8,3095.0,0.0,0.0,3095.0,3095.0,0.0,121221,Thailand,Fit for human consumption,HS CODE_Month,125,Monthly actual
month,2021-12,Dec 2021,2021-12,2021-12,1,True,14282.5279,0.014313,,-0.032485,2021-11,,2020-12,403.5,5763.0,0.0,0.0,5763.0,5763.0,0.0,121221,Thailand,Fit for human consumption,HS CODE_Month,126,Monthly actual
month,2022-01,Jan 2022,2022-01,2022-01,1,True,13892.2327,-0.027327,,0.012569,2021-12,,2021-01,348.9,4847.0,0.0,0.0,4847.0,4847.0,0.0,121221,Thailand,Fit for human consumption,HS CODE_Month,127,Monthly actual
month,2022-02,Feb 2022,2022-02,2022-02,1,True,13447.6769,-0.032,,-0.037999,2022-01,,2021-02,230.3,3097.0,0.0,0.0,3097.0,3097.0,0.0,121221,Thailand,Fit for human consumption,HS CODE_Month,128,Monthly actual
month,2022-03,Mar 2022,2022-03,2022-03,1,True,13323.1173,-0.009263,,-0.037992,2022-02,,2021-03,228.4,3043.0,0.0,0.0,3043.0,3043.0,0.0,121221,Thailand,Fit for human consumption,HS CODE_Month,129,Monthly actual
month,2022-04,Apr 2022,2022-04,2022-04,1,True,11297.7984,-0.152015,,-0.035499,2022-03,,2021-04,258.9,2925.0,0.0,0.0,2925.0,2925.0,0.0,121221,Thailand,Fit for human consumption,HS CODE_Month,130,Monthly actual
month,2022-05,May 2022,2022-05,2022-05,1,True,13515.4242,0.196288,,-0.027969,2022-04,,2021-05,155.6,2103.0,0.0,0.0,2103.0,2103.0,0.0,121221,Thailand,Fit for human consumption,HS CODE_Month,131,Monthly actual
month,2022-06,Jun 2022,2022-06,2022-06,1,True,11223.5746,-0.169573,,-0.175261,2022-05,,2021-06,156.1,1752.0,0.0,0.0,1752.0,1752.0,0.0,121221,Thailand,Fit for human consumption,HS CODE_Month,132,Monthly actual
month,2022-07,Jul 2022,2022-07,2022-07,1,True,13523.0985,0.204883,,-0.057014,2022-06,,2021-07,214.3,2898.0,0.0,0.0,2898.0,2898.0,0.0,121221,Thailand,Fit for human consumption,HS CODE_Month,133,Monthly actual
month,2022-08,Aug 2022,2022-08,2022-08,1,True,13720.1625,0.014572,,-0.025399,2022-07,,2021-08,393.8,5403.0,0.0,0.0,5403.0,5403.0,0.0,121221,Thailand,Fit for human consumption,HS CODE_Month,134,Monthly actual
month,2022-09,Sep 2022,2022-09,2022-09,1,True,13391.2612,-0.023972,,-0.056934,2022-08,,2021-09,201.4,2697.0,0.0,0.0,2697.0,2697.0,0.0,121221,Thailand,Fit for human consumption,HS CODE_Month,135,Monthly actual
month,2022-10,Oct 2022,2022-10,2022-10,1,True,14171.4836,0.058264,,0.010169,2022-09,,2021-10,311.4,4413.0,0.0,0.0,4413.0,4413.0,0.0,121221,Thailand,Fit for human consumption,HS CODE_Month,136,Monthly actual
month,2022-11,Nov 2022,2022-11,2022-11,1,True,12163.9929,-0.141657,,-0.13614,2022-10,,2021-11,280.5,3412.0,0.0,0.0,3412.0,3412.0,0.0,121221,Thailand,Fit for human consumption,HS CODE_Month,137,Monthly actual
month,2022-12,Dec 2022,2022-12,2022-12,1,True,13139.2857,0.080179,,-0.080045,2022-11,,2021-12,280.0,3679.0,0.0,0.0,3679.0,3679.0,0.0,121221,Thailand,Fit for human consumption,HS CODE_Month,138,Monthly actual
month,2023-01,Jan 2023,2023-01,2023-01,1,True,14073.627,0.071111,,0.013057,2022-12,,2022-01,331.4,4664.0,0.0,0.0,4664.0,4664.0,0.0,121221,Thailand,Fit for human consumption,HS CODE_Month,139,Monthly actual
month,2023-02,Feb 2023,2023-02,2023-02,1,True,12701.2346,-0.097515,,-0.055507,2023-01,,2022-02,405.0,5144.0,0.0,0.0,5144.0,5144.0,0.0,121221,Thailand,Fit for human consumption,HS CODE_Month,140,Monthly actual
month,2023-03,Mar 2023,2023-03,2023-03,1,True,15153.8826,0.193103,,0.137413,2023-02,,2022-03,422.4,6401.0,0.0,0.0,6401.0,6401.0,0.0,121221,Thailand,Fit for human consumption,HS CODE_Month,141,Monthly actual
month,2023-04,Apr 2023,2023-04,2023-04,1,True,12452.5493,-0.17826,,0.10221,2023-03,,2022-04,537.4,6692.0,17.5,20.0,6672.0,6672.0,0.0,121221,Thailand,Fit for human consumption,HS CODE_Month,142,Monthly actual
month,2023-05,May 2023,2023-05,2023-05,1,True,15450.4717,0.240748,,0.143173,2023-04,,2022-05,424.0,6551.0,0.0,0.0,6551.0,6551.0,0.0,121221,Thailand,Fit for human consumption,HS CODE_Month,143,Monthly actual
month,2023-06,Jun 2023,2023-06,2023-06,1,True,16699.549,0.080844,,0.487899,2023-05,,2022-06,709.6,11850.0,52.0,41.0,11809.0,11809.0,0.0,121221,Thailand,Fit for human consumption,HS CODE_Month,144,Monthly actual
month,2023-07,Jul 2023,2023-07,2023-07,1,True,15946.935,-0.045068,,0.179237,2023-06,,2022-07,218.6,3486.0,21.8,18.0,3468.0,3468.0,0.0,121221,Thailand,Fit for human consumption,HS CODE_Month,145,Monthly actual
month,2023-08,Aug 2023,2023-08,2023-08,1,True,13792.7912,-0.135082,,0.005294,2023-07,,2022-08,353.373,4874.0,41.916,20.0,4854.0,4854.0,0.0,121221,Thailand,Fit for human consumption,HS CODE_Month,146,Monthly actual
month,2023-09,Sep 2023,2023-09,2023-09,1,True,15686.9221,0.137328,,0.17143,2023-08,,2022-09,151.4,2375.0,0.0,0.0,2375.0,2375.0,0.0,121221,Thailand,Fit for human consumption,HS CODE_Month,147,Monthly actual
month,2023-10,Oct 2023,2023-10,2023-10,1,True,14365.7331,-0.084222,,0.013707,2023-09,,2022-10,242.8,3488.0,41.8,21.0,3467.0,3467.0,0.0,121221,Thailand,Fit for human consumption,HS CODE_Month,148,Monthly actual
month,2023-11,Nov 2023,2023-11,2023-11,1,True,14592.4841,0.015784,,0.199646,2023-10,,2022-11,204.9,2990.0,2.9,49.0,2941.0,2941.0,0.0,121221,Thailand,Fit for human consumption,HS CODE_Month,149,Monthly actual
month,2023-12,Dec 2023,2023-12,2023-12,1,True,16574.8031,0.135845,,0.261469,2023-11,,2022-12,228.6,3789.0,0.0,0.0,3789.0,3789.0,0.0,121221,Thailand,Fit for human consumption,HS CODE_Month,150,Monthly actual
month,2024-01,Jan 2024,2024-01,2024-01,1,True,17759.2206,0.071459,,0.261879,2023-12,,2023-01,431.1,7656.0,0.0,0.0,7656.0,7656.0,0.0,121221,Thailand,Fit for human consumption,HS CODE_Month,151,Monthly actual
month,2024-02,Feb 2024,2024-02,2024-02,1,True,18856.1983,0.061769,,0.484596,2024-01,,2023-02,302.5,5704.0,0.0,0.0,5704.0,5703.0,-1.0,121221,Thailand,Fit for human consumption,HS CODE_Month,152,Monthly actual
month,2024-03,Mar 2024,2024-03,2024-03,1,True,24431.2421,0.295661,,0.61221,2024-02,,2023-03,631.2,15421.0,0.0,0.0,15421.0,15420.0,-1.0,121221,Thailand,Fit for human consumption,HS CODE_Month,153,Monthly actual
month,2024-04,Apr 2024,2024-04,2024-04,1,True,27028.0914,0.106292,,1.170487,2024-03,,2023-04,761.8,20590.0,0.0,0.0,20590.0,20590.0,0.0,121221,Thailand,Fit for human consumption,HS CODE_Month,154,Monthly actual
month,2024-05,May 2024,2024-05,2024-05,1,True,27477.1654,0.016615,,0.778403,2024-04,,2023-05,635.0,17448.0,0.1,0.0,17448.0,17448.0,0.0,121221,Thailand,Fit for human consumption,HS CODE_Month,155,Monthly actual
month,2024-06,Jun 2024,2024-06,2024-06,1,True,27362.9082,-0.004158,,0.638542,2024-05,,2023-06,162.3,4441.0,0.0,0.0,4441.0,4441.0,0.0,121221,Thailand,Fit for human consumption,HS CODE_Month,156,Monthly actual
month,2024-07,Jul 2024,2024-07,2024-07,1,True,23729.0605,-0.132802,,0.488001,2024-06,,2023-07,137.3,3258.0,0.0,0.0,3258.0,3258.0,0.0,121221,Thailand,Fit for human consumption,HS CODE_Month,157,Monthly actual
month,2024-08,Aug 2024,2024-08,2024-08,1,True,22465.2778,-0.053259,,0.62877,2024-07,,2023-08,115.2,2588.0,0.0,0.0,2588.0,2588.0,0.0,121221,Thailand,Fit for human consumption,HS CODE_Month,158,Monthly actual
month,2024-09,Sep 2024,2024-09,2024-09,1,True,22108.0508,-0.015901,,0.40933,2024-08,,2023-09,94.4,2087.0,0.1,0.0,2087.0,2087.0,0.0,121221,Thailand,Fit for human consumption,HS CODE_Month,159,Monthly actual
month,2024-10,Oct 2024,2024-10,2024-10,1,True,22335.3909,0.010283,,0.554769,2024-09,,2023-10,97.2,2171.0,0.0,0.0,2171.0,2171.0,0.0,121221,Thailand,Fit for human consumption,HS CODE_Month,160,Monthly actual
month,2024-11,Nov 2024,2024-11,2024-11,1,True,21747.851,-0.026305,,0.490346,2024-10,,2023-11,69.8,1518.0,3.2,31.0,1487.0,1487.0,0.0,121221,Thailand,Fit for human consumption,HS CODE_Month,161,Monthly actual
month,2024-12,Dec 2024,2024-12,2024-12,1,True,24818.2521,0.141182,,0.497348,2024-11,,2023-12,129.3,3209.0,0.0,0.0,3209.0,3209.0,0.0,121221,Thailand,Fit for human consumption,HS CODE_Month,162,Monthly actual
month,2025-01,Jan 2025,2025-01,2025-01,1,True,23849.0241,-0.039053,,0.342909,2024-12,,2024-01,348.4,8309.0,0.0,0.0,8309.0,8309.0,0.0,121221,Thailand,Fit for human consumption,HS CODE_Month,163,Monthly actual
month,2025-02,Feb 2025,2025-02,2025-02,1,True,22820.5497,-0.043124,,0.210241,2025-01,,2024-02,694.9,15858.0,0.1,0.0,15858.0,8310.0,-7548.0,121221,Thailand,Fit for human consumption,HS CODE_Month,164,Monthly actual
month,2025-03,Mar 2025,2025-03,2025-03,1,True,23421.7236,0.026344,,-0.041321,2025-02,,2024-03,392.2,9186.0,0.1,0.0,9186.0,9186.0,0.0,121221,Thailand,Fit for human consumption,HS CODE_Month,165,Monthly actual
month,2025-04,Apr 2025,2025-04,2025-04,1,True,22931.2557,-0.020941,,-0.151577,2025-03,,2024-04,545.5,12509.0,0.0,0.0,12509.0,12508.0,-1.0,121221,Thailand,Fit for human consumption,HS CODE_Month,166,Monthly actual
month,2025-05,May 2025,2025-05,2025-05,1,True,23597.852,0.029069,,-0.141183,2025-04,,2024-05,502.8,11865.0,0.0,0.0,11865.0,11865.0,0.0,121221,Thailand,Fit for human consumption,HS CODE_Month,167,Monthly actual
month,2025-06,Jun 2025,2025-06,2025-06,1,True,25107.8202,0.063988,,-0.082414,2025-05,,2024-06,384.9,9664.0,0.0,0.0,9664.0,9664.0,0.0,121221,Thailand,Fit for human consumption,HS CODE_Month,168,Monthly actual
month,2025-07,Jul 2025,2025-07,2025-07,1,True,24306.2926,-0.031923,,0.024326,2025-06,,2024-07,263.8,6412.0,0.0,0.0,6412.0,6412.0,0.0,121221,Thailand,Fit for human consumption,HS CODE_Month,169,Monthly actual
month,2025-08,Aug 2025,2025-08,2025-08,1,True,22834.5916,-0.060548,,0.016439,2025-07,,2024-08,145.7,3327.0,0.1,1.0,3326.0,3326.0,0.0,121221,Thailand,Fit for human consumption,HS CODE_Month,170,Monthly actual
month,2025-09,Sep 2025,2025-09,2025-09,1,True,22857.1429,0.000988,,0.033883,2025-08,,2024-09,135.1,3088.0,0.1,1.0,3087.0,3087.0,0.0,121221,Thailand,Fit for human consumption,HS CODE_Month,171,Monthly actual
month,2025-10,Oct 2025,2025-10,2025-10,1,True,22655.9715,-0.008801,,0.014353,2025-09,,2024-10,112.2,2542.0,0.1,1.0,2541.0,2541.0,0.0,121221,Thailand,Fit for human consumption,tradedata.go.kr live endpoint,live 2025.10,Monthly actual (live TradeData)
month,2025-11,Nov 2025,2025-11,2025-11,1,True,22400.4684,-0.011278,,0.030008,2025-10,,2024-11,85.4,1913.0,0.0,0.0,1913.0,1912.0,-1.0,121221,Thailand,Fit for human consumption,tradedata.go.kr live endpoint,live 2025.11,Monthly actual (live TradeData)
month,2025-12,Dec 2025,2025-12,2025-12,1,True,22964.0152,0.025158,,-0.074713,2025-11,,2024-12,211.2,4850.0,0.0,0.0,4850.0,4849.0,-1.0,121221,Thailand,Fit for human consumption,tradedata.go.kr live endpoint,live 2025.12,Monthly actual (live TradeData)
month,2026-01,Jan 2026,2026-01,2026-01,1,True,23784.8513,0.035744,,-0.002691,2025-12,,2025-01,430.4,10237.0,0.0,0.0,10237.0,10237.0,0.0,121221,Thailand,Fit for human consumption,tradedata.go.kr live endpoint,live 2026.01,Monthly actual (live TradeData)
month,2026-02,Feb 2026,2026-02,2026-02,1,True,24194.847,0.017238,,0.060222,2026-01,,2025-02,496.8,12020.0,0.0,0.0,12020.0,12020.0,0.0,121221,Thailand,Fit for human consumption,tradedata.go.kr live endpoint,live 2026.02,Monthly actual (live TradeData)
month,2026-03,Mar 2026,2026-03,2026-03,1,True,23316.393,-0.036307,,-0.004497,2026-02,,2025-03,767.4,17893.0,0.1,0.0,17893.0,17892.0,-1.0,121221,Thailand,Fit for human consumption,tradedata.go.kr live endpoint,live 2026.03,Monthly actual (live TradeData)
month,2026-04,Apr 2026,2026-04,2026-04,1,True,22880.3162,-0.018703,,-0.002221,2026-03,,2025-04,733.6,16785.0,0.0,0.0,16785.0,16785.0,0.0,121221,Thailand,Fit for human consumption,tradedata.go.kr live endpoint,live 2026.04,Monthly actual (live TradeData)
month,2026-05,May 2026,2026-05,2026-05,1,True,23462.1944,0.025431,,-0.005749,2026-04,,2025-05,351.8,8254.0,0.0,0.0,8254.0,8254.0,0.0,121221,Thailand,Fit for human consumption,tradedata.go.kr live endpoint,live 2026.05,Monthly actual (live TradeData)
month,2026-06,Jun 2026,2026-06,2026-06,1,True,21631.432,-0.07803,,-0.138458,2026-05,,2025-06,250.7,5423.0,0.0,0.0,5423.0,5423.0,0.0,121221,Thailand,Fit for human consumption,tradedata.go.kr live endpoint,live 2026.06,Monthly actual (live TradeData)
month,2026-07,Jul 2026,2026-07,2026-07,1,True,19530.7612,-0.097112,,-0.196473,2026-06,,2025-07,95.9,1873.0,0.0,0.0,1873.0,1873.0,0.0,121221,Thailand,Fit for human consumption,tradedata.go.kr live endpoint,live 2026.07,Monthly actual (live TradeData)
month,2026-08,Aug 2026,2026-08,2026-08,1,True,20308.5026,0.039821,,-0.110626,2026-07,,2025-08,132.9,2699.0,0.0,0.0,2699.0,2699.0,0.0,121221,Thailand,Fit for human consumption,tradedata.go.kr live endpoint,live 2026.08,Monthly actual (live TradeData)
quarter,2015Q1,2015Q1,2015-01,2015-03,3,True,13934.5661,,-0.030741,-0.072602,,2014Q4,2014Q1,703.0,9796.0,0.0,0.0,9796.0,,,121221,Thailand,Fit for human consumption,HS CODE_Month,43-45,Quarterly weighted average
quarter,2015Q2,2015Q2,2015-04,2015-06,3,True,13960.1067,,0.001833,-0.03369,,2015Q1,2014Q2,787.1,10988.0,3.5,46.0,10942.0,,,121221,Thailand,Fit for human consumption,HS CODE_Month,46-48,Quarterly weighted average
quarter,2015Q3,2015Q3,2015-07,2015-09,3,True,14340.7892,,0.027269,-0.024091,,2015Q2,2014Q3,549.9,7886.0,0.0,0.0,7886.0,,,121221,Thailand,Fit for human consumption,HS CODE_Month,49-51,Quarterly weighted average
quarter,2015Q4,2015Q4,2015-10,2015-12,3,True,14192.399,,-0.010347,-0.012806,,2015Q3,2014Q4,589.4,8365.0,0.1,1.0,8364.0,,,121221,Thailand,Fit for human consumption,HS CODE_Month,52-54,Quarterly weighted average
quarter,2016Q1,2016Q1,2016-01,2016-03,3,True,14904.3988,,0.050168,0.069599,,2015Q4,2015Q1,852.5,12706.0,0.0,0.0,12706.0,,,121221,Thailand,Fit for human consumption,HS CODE_Month,55-57,Quarterly weighted average
quarter,2016Q2,2016Q2,2016-04,2016-06,3,True,17142.3979,,0.150157,0.227956,,2016Q1,2015Q2,933.3,15999.0,0.0,0.0,15999.0,,,121221,Thailand,Fit for human consumption,HS CODE_Month,58-60,Quarterly weighted average
quarter,2016Q3,2016Q3,2016-07,2016-09,3,True,18090.6559,,0.055317,0.261483,,2016Q2,2015Q3,789.8,14288.0,0.0,0.0,14288.0,,,121221,Thailand,Fit for human consumption,HS CODE_Month,61-63,Quarterly weighted average
quarter,2016Q4,2016Q4,2016-10,2016-12,3,True,18044.0392,,-0.002577,0.271388,,2016Q3,2015Q4,581.3,10489.0,20.8,309.0,10180.0,,,121221,Thailand,Fit for human consumption,HS CODE_Month,64-66,Quarterly weighted average
quarter,2017Q1,2017Q1,2017-01,2017-03,3,True,19702.0658,,0.091888,0.321896,,2016Q4,2016Q1,963.3,18979.0,0.0,0.0,18979.0,,,121221,Thailand,Fit for human consumption,HS CODE_Month,67-69,Quarterly weighted average
quarter,2017Q2,2017Q2,2017-04,2017-06,3,True,21258.8117,,0.079014,0.240131,,2017Q1,2016Q2,1290.9,27443.0,0.0,0.0,27443.0,,,121221,Thailand,Fit for human consumption,HS CODE_Month,70-72,Quarterly weighted average
quarter,2017Q3,2017Q3,2017-07,2017-09,3,True,21454.3039,,0.009196,0.185933,,2017Q2,2016Q3,677.3,14531.0,2.2,20.0,14511.0,,,121221,Thailand,Fit for human consumption,HS CODE_Month,73-75,Quarterly weighted average
quarter,2017Q4,2017Q4,2017-10,2017-12,3,True,21181.1668,,-0.012731,0.173859,,2017Q3,2016Q4,488.5,10347.0,0.0,0.0,10347.0,,,121221,Thailand,Fit for human consumption,HS CODE_Month,76-78,Quarterly weighted average
quarter,2018Q1,2018Q1,2018-01,2018-03,3,True,21092.6248,,-0.00418,0.070579,,2017Q4,2017Q1,1208.1,25482.0,0.0,0.0,25482.0,,,121221,Thailand,Fit for human consumption,HS CODE_Month,79-81,Quarterly weighted average
quarter,2018Q2,2018Q2,2018-04,2018-06,3,True,20306.5545,,-0.037268,-0.044794,,2018Q1,2017Q2,1771.3,35969.0,8.3,175.0,35794.0,,,121221,Thailand,Fit for human consumption,HS CODE_Month,82-84,Quarterly weighted average
quarter,2018Q3,2018Q3,2018-07,2018-09,3,True,18860.0134,,-0.071235,-0.120922,,2018Q2,2017Q3,746.5,14079.0,0.0,0.0,14079.0,,,121221,Thailand,Fit for human consumption,HS CODE_Month,85-87,Quarterly weighted average
quarter,2018Q4,2018Q4,2018-10,2018-12,3,True,16850.2452,,-0.106562,-0.20447,,2018Q3,2017Q4,265.1,4467.0,0.0,0.0,4467.0,,,121221,Thailand,Fit for human consumption,HS CODE_Month,88-90,Quarterly weighted average
quarter,2019Q1,2019Q1,2019-01,2019-03,3,True,15798.7122,,-0.062405,-0.250984,,2018Q4,2018Q1,1133.7,17911.0,0.0,0.0,17911.0,,,121221,Thailand,Fit for human consumption,HS CODE_Month,91-93,Quarterly weighted average
quarter,2019Q2,2019Q2,2019-04,2019-06,3,True,16238.9273,,0.027864,-0.200311,,2019Q1,2018Q2,1230.5,19982.0,3.1,61.0,19921.0,,,121221,Thailand,Fit for human consumption,HS CODE_Month,94-96,Quarterly weighted average
quarter,2019Q3,2019Q3,2019-07,2019-09,3,True,15250.0479,,-0.060896,-0.191408,,2019Q2,2018Q3,521.9,7959.0,0.0,0.0,7959.0,,,121221,Thailand,Fit for human consumption,HS CODE_Month,97-99,Quarterly weighted average
quarter,2019Q4,2019Q4,2019-10,2019-12,3,True,16213.7203,,0.063191,-0.037775,,2019Q3,2018Q4,909.6,14748.0,0.0,0.0,14748.0,,,121221,Thailand,Fit for human consumption,HS CODE_Month,100-102,Quarterly weighted average
quarter,2020Q1,2020Q1,2020-01,2020-03,3,True,15837.5014,,-0.023204,0.002455,,2019Q4,2019Q1,899.7,14249.0,0.0,0.0,14249.0,,,121221,Thailand,Fit for human consumption,HS CODE_Month,103-105,Quarterly weighted average
quarter,2020Q2,2020Q2,2020-04,2020-06,3,True,14110.8597,,-0.109022,-0.131047,,2020Q1,2019Q2,442.0,6237.0,0.0,0.0,6237.0,,,121221,Thailand,Fit for human consumption,HS CODE_Month,106-108,Quarterly weighted average
quarter,2020Q3,2020Q3,2020-07,2020-09,3,True,14604.0109,,0.034948,-0.042363,,2020Q2,2019Q3,588.4,8593.0,0.0,0.0,8593.0,,,121221,Thailand,Fit for human consumption,HS CODE_Month,109-111,Quarterly weighted average
quarter,2020Q4,2020Q4,2020-10,2020-12,3,True,14931.4353,,0.02242,-0.079086,,2020Q3,2019Q4,765.7,11433.0,0.0,0.0,11433.0,,,121221,Thailand,Fit for human consumption,HS CODE_Month,112-114,Quarterly weighted average
quarter,2021Q1,2021Q1,2021-01,2021-03,3,True,13855.4726,,-0.07206,-0.125148,,2020Q4,2020Q1,709.9,9836.0,0.0,0.0,9836.0,,,121221,Thailand,Fit for human consumption,HS CODE_Month,115-117,Quarterly weighted average
quarter,2021Q2,2021Q2,2021-04,2021-06,3,True,12924.3275,,-0.067204,-0.084086,,2021Q1,2020Q2,516.7,6678.0,0.0,0.0,6678.0,,,121221,Thailand,Fit for human consumption,HS CODE_Month,118-120,Quarterly weighted average
quarter,2021Q3,2021Q3,2021-07,2021-09,3,True,14223.5396,,0.100525,-0.026053,,2021Q2,2020Q3,691.6,9837.0,0.0,0.0,9837.0,,,121221,Thailand,Fit for human consumption,HS CODE_Month,121-123,Quarterly weighted average
quarter,2021Q4,2021Q4,2021-10,2021-12,3,True,14155.1954,,-0.004805,-0.051987,,2021Q3,2020Q4,900.8,12751.0,0.0,0.0,12751.0,,,121221,Thailand,Fit for human consumption,HS CODE_Month,124-126,Quarterly weighted average
quarter,2022Q1,2022Q1,2022-01,2022-03,3,True,13604.5072,,-0.038904,-0.018113,,2021Q4,2021Q1,807.6,10987.0,0.0,0.0,10987.0,,,121221,Thailand,Fit for human consumption,HS CODE_Month,127-129,Quarterly weighted average
quarter,2022Q2,2022Q2,2022-04,2022-06,3,True,11882.2292,,-0.126596,-0.080631,,2022Q1,2021Q2,570.6,6780.0,0.0,0.0,6780.0,,,121221,Thailand,Fit for human consumption,HS CODE_Month,130-132,Quarterly weighted average
quarter,2022Q3,2022Q3,2022-07,2022-09,3,True,13586.1643,,0.143402,-0.044811,,2022Q2,2021Q3,809.5,10998.0,0.0,0.0,10998.0,,,121221,Thailand,Fit for human consumption,HS CODE_Month,133-135,Quarterly weighted average
quarter,2022Q4,2022Q4,2022-10,2022-12,3,True,13194.1736,,-0.028852,-0.067892,,2022Q3,2021Q4,871.9,11504.0,0.0,0.0,11504.0,,,121221,Thailand,Fit for human consumption,HS CODE_Month,136-138,Quarterly weighted average
quarter,2023Q1,2023Q1,2023-01,2023-03,3,True,13987.7459,,0.060146,0.02817,,2022Q4,2022Q1,1158.8,16209.0,0.0,0.0,16209.0,,,121221,Thailand,Fit for human consumption,HS CODE_Month,139-141,Quarterly weighted average
quarter,2023Q2,2023Q2,2023-04,2023-06,3,True,15016.7564,,0.073565,0.2638,,2023Q1,2022Q2,1671.0,25093.0,69.5,61.0,25032.0,,,121221,Thailand,Fit for human consumption,HS CODE_Month,142-144,Quarterly weighted average
quarter,2023Q3,2023Q3,2023-07,2023-09,3,True,14840.2,,-0.011757,0.092302,,2023Q2,2022Q3,723.373,10735.0,63.716,38.0,10697.0,,,121221,Thailand,Fit for human consumption,HS CODE_Month,145-147,Quarterly weighted average
quarter,2023Q4,2023Q4,2023-10,2023-12,3,True,15181.1326,,0.022974,0.150594,,2023Q3,2022Q4,676.3,10267.0,44.7,70.0,10197.0,,,121221,Thailand,Fit for human consumption,HS CODE_Month,148-150,Quarterly weighted average
quarter,2024Q1,2024Q1,2024-01,2024-03,3,True,21088.0715,,0.389097,0.50761,,2023Q4,2023Q1,1364.8,28781.0,0.0,0.0,28781.0,,,121221,Thailand,Fit for human consumption,HS CODE_Month,151-153,Quarterly weighted average
quarter,2024Q2,2024Q2,2024-04,2024-06,3,True,27245.847,,0.292003,0.814363,,2024Q1,2023Q2,1559.1,42479.0,0.1,0.0,42479.0,,,121221,Thailand,Fit for human consumption,HS CODE_Month,154-156,Quarterly weighted average
quarter,2024Q3,2024Q3,2024-07,2024-09,3,True,22868.2617,,-0.16067,0.540967,,2024Q2,2023Q3,346.9,7933.0,0.1,0.0,7933.0,,,121221,Thailand,Fit for human consumption,HS CODE_Month,157-159,Quarterly weighted average
quarter,2024Q4,2024Q4,2024-10,2024-12,3,True,23280.459,,0.018025,0.533513,,2024Q3,2023Q4,296.3,6898.0,3.2,31.0,6867.0,,,121221,Thailand,Fit for human consumption,HS CODE_Month,160-162,Quarterly weighted average
quarter,2025Q1,2025Q1,2025-01,2025-03,3,True,23234.4131,,-0.001978,0.10178,,2024Q4,2024Q1,1435.5,33353.0,0.2,0.0,33353.0,,,121221,Thailand,Fit for human consumption,HS CODE_Month,163-165,Quarterly weighted average
quarter,2025Q2,2025Q2,2025-04,2025-06,3,True,23749.6511,,0.022176,-0.12832,,2025Q1,2024Q2,1433.2,34038.0,0.0,0.0,34038.0,,,121221,Thailand,Fit for human consumption,HS CODE_Month,166-168,Quarterly weighted average
quarter,2025Q3,2025Q3,2025-07,2025-09,3,True,23553.0665,,-0.008277,0.029946,,2025Q2,2024Q3,544.6,12827.0,0.2,2.0,12825.0,,,121221,Thailand,Fit for human consumption,HS CODE_Month,169-171,Quarterly weighted average
quarter,2025Q4,2025Q4,2025-10,2025-12,3,True,22761.7417,,-0.033598,-0.022281,,2025Q3,2024Q4,408.8,9305.0,0.1,1.0,9304.0,,,121221,Thailand,Fit for human consumption,HS CODE_Month,live 2025.10-live 2025.12,Quarterly weighted average
quarter,2026Q1,2026Q1,2026-01,2026-03,3,True,23692.9069,,0.040909,0.019733,,2025Q4,2025Q1,1694.6,40150.0,0.1,0.0,40150.0,,,121221,Thailand,Fit for human consumption,HS CODE_Month,live 2026.01-live 2026.03,Quarterly weighted average
quarter,2026Q2,2026Q2,2026-04,2026-06,3,True,22799.1917,,-0.037721,-0.04002,,2026Q1,2025Q2,1336.1,30462.0,0.0,0.0,30462.0,,,121221,Thailand,Fit for human consumption,HS CODE_Month,live 2026.04-live 2026.06,Quarterly weighted average
quarter,2026Q3,2026Q3,2026-07,2026-08,2,False,19982.5175,,-0.13379,-0.159786,,2026Q2 Apr-May,2025Q3 Jul-Aug,228.8,4572.0,0.0,0.0,4572.0,,,121221,Thailand,Fit for human consumption,HS CODE_Month,live 2026.07-live 2026.08,Quarter-to-date weighted average
year,2015,2015,2015-01,2015-12,12,True,14084.9623,,,-0.036308,,,2014,2629.4,37035.0,3.6,47.0,36988.0,,,121221,Thailand,Fit for human consumption,HS CODE_Month,43-54,Annual weighted average
year,2016,2016,2016-01,2016-12,12,True,16941.3032,,,0.202794,,,2015,3156.9,53482.0,20.8,309.0,53173.0,,,121221,Thailand,Fit for human consumption,HS CODE_Month,55-66,Annual weighted average
year,2017,2017,2017-01,2017-12,12,True,20847.9532,,,0.230599,,,2016,3420.0,71300.0,2.2,20.0,71280.0,,,121221,Thailand,Fit for human consumption,HS CODE_Month,67-78,Annual weighted average
year,2018,2018,2018-01,2018-12,12,True,20044.3498,,,-0.038546,,,2017,3991.0,79997.0,8.3,175.0,79822.0,,,121221,Thailand,Fit for human consumption,HS CODE_Month,79-90,Annual weighted average
year,2019,2019,2019-01,2019-12,12,True,15965.4346,,,-0.203495,,,2018,3795.7,60600.0,3.1,61.0,60539.0,,,121221,Thailand,Fit for human consumption,HS CODE_Month,91-102,Annual weighted average
year,2020,2020,2020-01,2020-12,12,True,15027.8211,,,-0.058728,,,2019,2695.8,40512.0,0.0,0.0,40512.0,,,121221,Thailand,Fit for human consumption,HS CODE_Month,103-114,Annual weighted average
year,2021,2021,2021-01,2021-12,12,True,13870.8762,,,-0.076987,,,2020,2819.0,39102.0,0.0,0.0,39102.0,,,121221,Thailand,Fit for human consumption,HS CODE_Month,115-126,Annual weighted average
year,2022,2022,2022-01,2022-12,12,True,13161.5244,,,-0.05114,,,2021,3059.6,40269.0,0.0,0.0,40269.0,,,121221,Thailand,Fit for human consumption,HS CODE_Month,127-138,Annual weighted average
year,2023,2023,2023-01,2023-12,12,True,14730.9133,,,0.119241,,,2022,4229.473,62304.0,177.916,169.0,62135.0,,,121221,Thailand,Fit for human consumption,HS CODE_Month,139-150,Annual weighted average
year,2024,2024,2024-01,2024-12,12,True,24134.7313,,,0.638373,,,2023,3567.1,86091.0,3.4,31.0,86060.0,,,121221,Thailand,Fit for human consumption,HS CODE_Month,151-162,Annual weighted average
year,2025,2025,2025-01,2025-12,12,True,23422.4641,,,-0.029512,,,2024,3822.1,89523.0,0.5,3.0,89520.0,,,121221,Thailand,Fit for human consumption,HS CODE_Month,163-live 2025.12,Annual weighted average
year,2026,2026 YTD Jan-Aug,2026-01,2026-08,8,False,23066.1144,,,-0.019638,,,2025 same months,3259.5,75184.0,0.1,0.0,75184.0,,,121221,Thailand,Fit for human consumption,HS CODE_Month,live 2026.01-live 2026.08,Year-to-date weighted average (8 months)
